{
  "mae": 57.9579596819851,
  "r2": 0.9788531067064772
}